000,srank_npchg2001,srank_npchg2002,srank_npchg2003,srank_npchg2004,srank_npchg2005,srank_npchg2006,srank_ppchg2000,srank_ppchg2001,srank_ppchg2002,srank_ppchg2003,srank_ppchg2004,srank_ppchg2005,srank_ppchg2006
040,40,000,3,7,Oklahoma,Oklahoma,3450654,3454508,3466687,3488447,3504347,3522827,3543442,3579212,3854,12179,21760,15900,18480,20615,35770,0.1116889726,0.3525538224,0.6276886261,0.4557902127,0.5273450375,0.5851834336,1.0094704527,,,,,,,,,,,,,,,,,,,,,,
050,40,001,3,7,Adair County,Oklahoma,21038,2107