K_POPEST2005,SRANK_POPEST2006,SRANK_POPEST2007,SRANK_NPCHG2000,SRANK_NPCHG2001,SRANK_NPCHG2002,SRANK_NPCHG2003,SRANK_NPCHG2004,SRANK_NPCHG2005,SRANK_NPCHG2006,SRANK_NPCHG2007,SRANK_PPCHG2000,SRANK_PPCHG2001,SRANK_PPCHG2002,SRANK_PPCHG2003,SRANK_PPCHG2004,SRANK_PPCHG2005,SRANK_PPCHG2006,SRANK_PPCHG2007
040,4,8,56,000,Wyoming,Wyoming,493782,493985,493032,497204,499368,503258,506541,512757,522830,203,-953,4172,2164,3890,3283,6216,10073,0.0411112596,-0.192920838,0.8461925392,0.4352338276,0.7789846366,0.6523492